,Unnamed: 0_x,Unnamed: 0.1,H_1_1,H_1_2,H_1_3,H_2_1,H_2_2,H_2_3,H_3_1,H_3_2,H_3_3,H_forward_1_1,H_forward_1_2,H_forward_1_3,H_forward_2_1,H_forward_2_2,H_forward_2_3,H_forward_3_1,H_forward_3_2,H_forward_3_3,frame_id,head_3d_1,head_3d_2,head_3d_3,height,l_ear_3d_1,l_ear_3d_2,l_ear_3d_3,l_elbow_3d_1,l_elbow_3d_2,l_elbow_3d_3,l_eye_3d_1,l_eye_3d_2,l_eye_3d_3,l_foot_3d_1,l_foot_3d_2,l_foot_3d_3,l_hand_3d_1,l_hand_3d_2,l_hand_3d_3,l_hip_3d_1,l_hip_3d_2,l_hip_3d_3,l_knee_3d_1,l_knee_3d_2,l_knee_3d_3,l_shoulder_3d_1,l_shoulder_3d_2,l_shoulder_3d_3,neck_3d_1,neck_3d_2,neck_3d_3,person_id,pose_bb_1,pose_bb_2,pose_bb_3,pose_bb_4,r_ear_3d_1,r_ear_3d_2,r_ear_3d_3,r_elbow_3d_1,r_elbow_3d_2,r_elbow_3d_3,r_eye_3d_1,r_eye_3d_2,r_eye_3d_3,r_foot_3d_1,r_foot_3d_2,r_foot_3d_3,r_hand_3d_1,r_hand_3d_2,r_hand_3d_3,r_hip_3d_1,r_hip_3d_2,r_hip_3d_3,r_knee_3d_1,r_knee_3d_2,r_knee_3d_3,r_shoulder_3d_1,r_shoulder_3d_2,r_shoulder_3d_3,threshold,upper_bb_1,upper_bb_2,upper_bb_3,upper_bb_4,width,R_1,R_2,R_3,T_1,T_2,T_3,Unnamed: 0_y,position_x,position_y
0,4025,20212,0.9844161120668772,0.04603350585812512,-0.8558803047532088,-0.015884599013136772,1.0212917908456831,0.9996437544125276,-2.3937661881942464e-05,5.267656436824216e-05,1.0,1.0150399614110424,-0.04579888236207718,0.9145352782214928,0.015764391728544516,0.978420101778466,-0.9645791115376374,2.34672693973026e-05,-5.2636127631069676e-05,1.0,4,0.0,0.0,0.0,960,784.658,427.495,0.34444,781.993,466.526,0.522626,0.0,0.0,0.0,784.6439999999999,537.0459999999998,0.573837,779.448,474.472,0.241319,787.311,484.925,0.723134,784.784,513.5459999999998,0.609283,782.173,445.792,0.7949729999999999,797.615,445.67,0.8229620000000001,3,779.448,424.944,802.802,537.0459999999998,800.426,424.944,0.37316,0.0,0.0,0.0,0.0,0.0,0.0,797.7589999999999,537.002,0.453056,0.0,0.0,0.0,800.347,484.908,0.753972,800.328,511.073,0.706766,802.802,443.184,0.8092090000000001,0.8,779.448,424.944,802.802,484.925,1280,-0.0011893820483199998,-0.0020000564400100003,-0.069130025804,0.0053833136335,-0.00492960307747,0.000615911441855,895,760.01,496.6215
