,Unnamed: 0_x,Unnamed: 0.1,H_1_1,H_1_2,H_1_3,H_2_1,H_2_2,H_2_3,H_3_1,H_3_2,H_3_3,H_forward_1_1,H_forward_1_2,H_forward_1_3,H_forward_2_1,H_forward_2_2,H_forward_2_3,H_forward_3_1,H_forward_3_2,H_forward_3_3,frame_id,head_3d_1,head_3d_2,head_3d_3,height,l_ear_3d_1,l_ear_3d_2,l_ear_3d_3,l_elbow_3d_1,l_elbow_3d_2,l_elbow_3d_3,l_eye_3d_1,l_eye_3d_2,l_eye_3d_3,l_foot_3d_1,l_foot_3d_2,l_foot_3d_3,l_hand_3d_1,l_hand_3d_2,l_hand_3d_3,l_hip_3d_1,l_hip_3d_2,l_hip_3d_3,l_knee_3d_1,l_knee_3d_2,l_knee_3d_3,l_shoulder_3d_1,l_shoulder_3d_2,l_shoulder_3d_3,neck_3d_1,neck_3d_2,neck_3d_3,person_id,pose_bb_1,pose_bb_2,pose_bb_3,pose_bb_4,r_ear_3d_1,r_ear_3d_2,r_ear_3d_3,r_elbow_3d_1,r_elbow_3d_2,r_elbow_3d_3,r_eye_3d_1,r_eye_3d_2,r_eye_3d_3,r_foot_3d_1,r_foot_3d_2,r_foot_3d_3,r_hand_3d_1,r_hand_3d_2,r_hand_3d_3,r_hip_3d_1,r_hip_3d_2,r_hip_3d_3,r_knee_3d_1,r_knee_3d_2,r_knee_3d_3,r_shoulder_3d_1,r_shoulder_3d_2,r_shoulder_3d_3,threshold,upper_bb_1,upper_bb_2,upper_bb_3,upper_bb_4,width,R_1,R_2,R_3,T_1,T_2,T_3,Unnamed: 0_y,position_x,position_y
0,818,2000,1.0552582246818758,-0.043306315169559406,-9.103211591397038,0.046642798986233774,0.9797919360944966,3.2563449162908182,7.855584096187343e-05,-6.0020490082080676e-05,1.0,0.9459762940744001,0.04233075856152048,8.473578814960346,-0.04477710375111043,1.0193251045965106,-3.72688957229675,-7.699950702260879e-05,5.7855063993496457e-05,1.0,15,258.17900000000003,367.58,0.509189,960,258.252,367.561,0.573579,271.09,393.606,0.597117,258.228,365.05800000000005,0.500727,271.115,466.589,0.5199159999999999,289.358,406.713,0.519479,263.262,419.68,0.829314,263.404,445.734,0.7957489999999999,260.79400000000004,383.312,0.863123,260.66200000000003,383.286,0.953783,1,258.138,365.04,289.358,466.589,0.0,0.0,0.0,0.0,0.0,0.0,258.138,365.04,0.4225310000000001,278.903,466.571,0.491925,0.0,0.0,0.0,263.397,419.676,0.8016800000000001,268.504,445.657,0.760831,0.0,0.0,0.0,0.8,258.138,365.04,289.358,419.68,1280,3.92213441955e-05,-0.000341598235536,-0.086263820529,0.00224944204092,0.000204558658879,-0.000500722206198,135,239.8725,434.0405
