,Unnamed: 0_x,Unnamed: 0.1,H_1_1,H_1_2,H_1_3,H_2_1,H_2_2,H_2_3,H_3_1,H_3_2,H_3_3,H_forward_1_1,H_forward_1_2,H_forward_1_3,H_forward_2_1,H_forward_2_2,H_forward_2_3,H_forward_3_1,H_forward_3_2,H_forward_3_3,frame_id,head_3d_1,head_3d_2,head_3d_3,height,l_ear_3d_1,l_ear_3d_2,l_ear_3d_3,l_elbow_3d_1,l_elbow_3d_2,l_elbow_3d_3,l_eye_3d_1,l_eye_3d_2,l_eye_3d_3,l_foot_3d_1,l_foot_3d_2,l_foot_3d_3,l_hand_3d_1,l_hand_3d_2,l_hand_3d_3,l_hip_3d_1,l_hip_3d_2,l_hip_3d_3,l_knee_3d_1,l_knee_3d_2,l_knee_3d_3,l_shoulder_3d_1,l_shoulder_3d_2,l_shoulder_3d_3,neck_3d_1,neck_3d_2,neck_3d_3,person_id,pose_bb_1,pose_bb_2,pose_bb_3,pose_bb_4,r_ear_3d_1,r_ear_3d_2,r_ear_3d_3,r_elbow_3d_1,r_elbow_3d_2,r_elbow_3d_3,r_eye_3d_1,r_eye_3d_2,r_eye_3d_3,r_foot_3d_1,r_foot_3d_2,r_foot_3d_3,r_hand_3d_1,r_hand_3d_2,r_hand_3d_3,r_hip_3d_1,r_hip_3d_2,r_hip_3d_3,r_knee_3d_1,r_knee_3d_2,r_knee_3d_3,r_shoulder_3d_1,r_shoulder_3d_2,r_shoulder_3d_3,threshold,upper_bb_1,upper_bb_2,upper_bb_3,upper_bb_4,width,R_1,R_2,R_3,T_1,T_2,T_3,Unnamed: 0_y,position_x,position_y
0,237,927,0.9517829595811014,-0.05843627197508214,32.60678536077317,-0.002615504496257587,0.9207452217483834,37.94221793098063,-6.741460587861492e-06,-8.297994101916879e-05,1.0,1.0544362801181382,0.0636050766675953,-36.79509514286285,0.002693137666433521,1.0865171015595672,-41.31268321494692,7.3319170295448665e-06,9.05879161212736e-05,1.0,10,925.357,479.642,0.720541,960,925.365,479.693,0.196593,928.199,508.352,0.591272,925.446,474.439,0.571449,920.216,586.569,0.807805,925.505,505.722,0.403287,922.759,529.133,0.909674,922.751,555.293,0.8225,925.517,490.066,0.8647530000000001,912.481,487.572,0.8814629999999999,0,894.2280000000002,474.414,928.199,586.569,912.476,474.414,0.595595,894.2280000000002,505.763,0.829693,922.856,474.456,0.668041,907.308,583.97,0.747374,909.87,503.133,0.690944,904.661,529.086,0.977234,904.691,555.258,0.8582860000000001,904.6,487.56,0.941516,0.8,894.2280000000002,474.414,928.199,529.133,1280,-0.0028828994836700003,0.00285423453897,-0.060414727777199986,0.0031256421934800003,-0.0093953628093,0.000520141096786,300,892.8565,483.543
