frame_id,height,l_ear_x,l_ear_y,l_elbow_x,l_elbow_y,l_eye_x,l_eye_y,l_foot_x,l_foot_y,l_hand_x,l_hand_y,l_hip_x,l_hip_y,l_knee_x,l_knee_y,l_shoulder_x,l_shoulder_y,neck_x,neck_y,nose_x,nose_y,person_id,r_ear_x,r_ear_y,r_elbow_x,r_elbow_y,r_eye_x,r_eye_y,r_foot_x,r_foot_y,r_hand_x,r_hand_y,r_hip_x,r_hip_y,r_knee_x,r_knee_y,r_shoulder_x,r_shoulder_y,threshold,width,R_1,R_2,R_3,T_1,T_2,T_3,position_x,position_y
15,960,258.252,367.561,271.09,393.606,258.228,365.0580000000001,271.115,466.589,289.358,406.713,263.262,419.68,263.404,445.734,260.79400000000004,383.312,260.66200000000003,383.286,258.17900000000003,367.58,1,0.0,0.0,0.0,0.0,258.138,365.04,278.903,466.571,0.0,0.0,263.397,419.676,268.504,445.657,0.0,0.0,0.8,1280,3.92213441955e-05,-0.000341598235536,-0.086263820529,0.00224944204092,0.000204558658879,-0.000500722206198,239.8725,434.0405
