frame_id,height,l_ear_x,l_ear_y,l_elbow_x,l_elbow_y,l_eye_x,l_eye_y,l_foot_x,l_foot_y,l_hand_x,l_hand_y,l_hip_x,l_hip_y,l_knee_x,l_knee_y,l_shoulder_x,l_shoulder_y,neck_x,neck_y,nose_x,nose_y,person_id,r_ear_x,r_ear_y,r_elbow_x,r_elbow_y,r_eye_x,r_eye_y,r_foot_x,r_foot_y,r_hand_x,r_hand_y,r_hip_x,r_hip_y,r_knee_x,r_knee_y,r_shoulder_x,r_shoulder_y,threshold,width,R_1,R_2,R_3,T_1,T_2,T_3,position_x,position_y
3,960,0.0,0.0,928.03,503.083,912.382,409.29,860.2760000000001,638.692,948.86,526.484,904.649,555.265,886.3760000000001,623.021,920.19,458.829,886.4119999999999,458.8080000000001,907.336,419.646,0,883.673,414.53,839.324,497.961,904.521,406.838,889.041,698.573,865.562,497.975,868.212,552.805,889.046,623.095,862.765,458.8080000000001,0.8,1280,7.36781948945e-05,0.0010404860368,-0.0979128852486999,0.00511828158051,0.00366238853894,0.00119274260942,928.16,551.3515
4,960,0.0,0.0,938.483,500.55,922.849,403.974,865.565,646.512,951.586,537.0880000000001,907.312,552.799,907.168,630.868,925.423,451.001,891.6060000000001,451.003,920.242,406.691,0,886.375,406.645,841.9119999999999,495.344,907.28,403.98,886.4689999999999,698.665,868.184,497.943,878.561,555.269,891.565,630.862,862.982,450.989,0.8,1280,0.0010479337070099,0.000365573156159,-0.114287182689,0.00398710975423,0.00188695511315,0.00182585173752,963.2165,560.5035
5,960,0.0,0.0,949.059,492.768,941.14,388.507,883.8,641.31,967.162,544.788,927.988,550.112,935.88,630.8430000000001,943.737,445.652,907.36,443.201,935.933,401.386,0,904.626,396.251,849.8430000000001,490.001,927.986,388.441,899.433,698.55,886.3580000000001,490.149,888.9119999999999,552.591,899.4119999999999,630.873,881.165,443.167,0.8,1280,0.00451974570751,0.00285699125379,-0.129873141646,-0.00460192747414,0.00315334647894,0.00874790549278,989.322,570.8975
