frame_id,height,l_ear_x,l_ear_y,l_elbow_x,l_elbow_y,l_eye_x,l_eye_y,l_foot_x,l_foot_y,l_hand_x,l_hand_y,l_hip_x,l_hip_y,l_knee_x,l_knee_y,l_shoulder_x,l_shoulder_y,neck_x,neck_y,nose_x,nose_y,person_id,r_ear_x,r_ear_y,r_elbow_x,r_elbow_y,r_eye_x,r_eye_y,r_foot_x,r_foot_y,r_hand_x,r_hand_y,r_hip_x,r_hip_y,r_knee_x,r_knee_y,r_shoulder_x,r_shoulder_y,threshold,width,R_1,R_2,R_3,T_1,T_2,T_3,position_x,position_y
33,960,727.332,365.036,737.747,403.955,719.677,364.969,714.324,474.443,742.97,419.758,719.6210000000001,414.545,716.9010000000001,445.854,735.1489999999999,383.129,719.6519999999999,380.63,719.56,365.054,3,719.653,364.971,701.303,393.657,719.535,364.879,701.22,466.686,701.336,406.646,719.4960000000001,417.121,706.4789999999999,443.117,719.543,380.55300000000005,0.8,1280,0.00585319148377,-0.000384760205634,-0.149727016687,-0.00461281184107,-6.21121362201e-05,0.00487555004656,997.1475,560.4314999999998
35,960,740.518,365.092,745.5830000000001,404.018,740.278,364.981,722.186,484.802,737.784,409.294,740.268,422.28,732.584,450.982,745.654,383.208,740.273,383.11,737.828,365.086,3,740.355,365.037,719.574,396.281,737.795,364.927,714.278,471.874,719.556,406.714,719.66,417.096,719.445,445.853,727.3510000000001,383.101,0.8,1280,0.00458995439112,0.00107216171455,-0.145389005542,0.000414725916926,-0.0103099606931,-0.00244090566412,1051.965,633.485
34,960,733.925,365.06399999999996,741.665,403.9865,729.9775,364.975,718.255,479.6225,740.377,414.52599999999995,729.9445000000001,418.4125,724.7425000000001,448.418,740.4014999999999,383.1685,729.9625,381.87,728.694,365.07,3,730.004,365.004,710.4385,403.9865,728.665,364.903,707.749,469.28,710.446,406.68,719.578,417.1085,712.962,444.485,723.4470000000001,381.827,0.8,1280,0.005221572937445001,0.00034370075445800004,-0.1475580111145,-0.002099042962072,-0.005186036414660049,0.0012173221912199998,1024.55625,596.9582499999999
