frame_id,height,l_ear_x,l_ear_y,l_elbow_x,l_elbow_y,l_eye_x,l_eye_y,l_foot_x,l_foot_y,l_hand_x,l_hand_y,l_hip_x,l_hip_y,l_knee_x,l_knee_y,l_shoulder_x,l_shoulder_y,neck_x,neck_y,nose_x,nose_y,person_id,r_ear_x,r_ear_y,r_elbow_x,r_elbow_y,r_eye_x,r_eye_y,r_foot_x,r_foot_y,r_hand_x,r_hand_y,r_hip_x,r_hip_y,r_knee_x,r_knee_y,r_shoulder_x,r_shoulder_y,threshold,width,R_1,R_2,R_3,T_1,T_2,T_3,position_x,position_y
10,960,925.365,479.693,928.199,508.352,925.446,474.439,920.216,586.569,925.505,505.722,922.759,529.133,922.751,555.293,925.517,490.066,912.481,487.572,925.357,479.642,0,912.476,474.414,894.2280000000001,505.763,922.856,474.456,907.308,583.97,909.87,503.133,904.661,529.086,904.691,555.258,904.6,487.56,0.8,1280,-0.00288289948367,0.00285423453897,-0.0604147277771999,0.00312564219348,-0.0093953628093,0.000520141096786,892.8565,483.543
